prog,python,root,concurrency,urls,time,parser
sequential,3.11.3,http://be.archive.ubuntu.com/ubuntu/dists/,48,7419,270.02017998695374,html.parser
mproc2,3.11.3,http://be.archive.ubuntu.com/ubuntu/dists/,1,7420,270.23051404953003,html.parser
mproc2,3.11.3,http://be.archive.ubuntu.com/ubuntu/dists/,2,7420,133.9761941432953,html.parser
mproc2,3.11.3,http://be.archive.ubuntu.com/ubuntu/dists/,4,7420,67.92009806632996,html.parser
mproc2,3.11.3,http://be.archive.ubuntu.com/ubuntu/dists/,8,7420,34.130926847457886,html.parser
mproc2,3.11.3,http://be.archive.ubuntu.com/ubuntu/dists/,16,7420,26.40024495124817,html.parser
mproc2,3.11.3,http://be.archive.ubuntu.com/ubuntu/dists/,32,7420,31.48771619796753,html.parser
mproc2,3.11.3,http://be.archive.ubuntu.com/ubuntu/dists/,48,7420,32.7740490436554,html.parser
mproc2,3.11.3,http://be.archive.ubuntu.com/ubuntu/dists/,64,7420,35.69668292999268,html.parser
mthreading,3.11.3,http://be.archive.ubuntu.com/ubuntu/dists/,1,7419,268.49229407310486,html.parser
mthreading,3.11.3,http://be.archive.ubuntu.com/ubuntu/dists/,2,7419,149.1639449596405,html.parser
mthreading,3.11.3,http://be.archive.ubuntu.com/ubuntu/dists/,4,7419,88.23645806312561,html.parser
mthreading,3.11.3,http://be.archive.ubuntu.com/ubuntu/dists/,8,7419,59.03282308578491,html.parser
mthreading,3.11.3,http://be.archive.ubuntu.com/ubuntu/dists/,16,7419,50.4470751285553,html.parser
mthreading,3.11.3,http://be.archive.ubuntu.com/ubuntu/dists/,32,7419,52.06729292869568,html.parser
mthreading,3.11.3,http://be.archive.ubuntu.com/ubuntu/dists/,48,7419,53.73004174232483,html.parser
mthreading,3.11.3,http://be.archive.ubuntu.com/ubuntu/dists/,64,7419,53.880820989608765,html.parser
async,3.11.3,http://be.archive.ubuntu.com/ubuntu/dists/,1,7420,259.04209208488464,html.parser
async,3.11.3,http://be.archive.ubuntu.com/ubuntu/dists/,2,7420,136.2900333404541,html.parser
async,3.11.3,http://be.archive.ubuntu.com/ubuntu/dists/,4,7420,79.25829601287842,html.parser
async,3.11.3,http://be.archive.ubuntu.com/ubuntu/dists/,8,7420,52.95985293388367,html.parser
async,3.11.3,http://be.archive.ubuntu.com/ubuntu/dists/,16,7420,48.11483979225159,html.parser
async,3.11.3,http://be.archive.ubuntu.com/ubuntu/dists/,32,7420,47.66221213340759,html.parser
async,3.11.3,http://be.archive.ubuntu.com/ubuntu/dists/,48,7420,48.420569896698,html.parser
async,3.11.3,http://be.archive.ubuntu.com/ubuntu/dists/,64,7420,48.80529308319092,html.parser
sequential,3.11.3,http://be.archive.ubuntu.com/ubuntu/dists/,1,7419,297.72697019577026,html.parser
sequential,3.11.3,http://be.archive.ubuntu.com/ubuntu/dists/,2,7419,368.818461894989,html.parser
sequential,3.11.3,http://be.archive.ubuntu.com/ubuntu/dists/,4,7419,270.1841149330139,html.parser
sequential,3.11.3,http://be.archive.ubuntu.com/ubuntu/dists/,8,7419,250.33557295799253,html.parser
sequential,3.11.3,http://be.archive.ubuntu.com/ubuntu/dists/,16,7419,251.20263814926147,html.parser
sequential,3.11.3,http://be.archive.ubuntu.com/ubuntu/dists/,32,7419,252.75754594802856,html.parser
sequential,3.11.3,http://be.archive.ubuntu.com/ubuntu/dists/,48,7419,250.00242376327515,html.parser
sequential,3.11.3,http://be.archive.ubuntu.com/ubuntu/dists/,64,7419,253.19193506240845,html.parser
mproc2,3.11.3,http://be.archive.ubuntu.com/ubuntu/dists/,6,7420,46.73409104347229,html.parser
mproc2,3.11.3,http://be.archive.ubuntu.com/ubuntu/dists/,12,7420,24.374521017074585,html.parser
mproc2,3.11.3,http://be.archive.ubuntu.com/ubuntu/dists/,24,7420,28.437969207763672,html.parser
mproc2,3.11.3,http://be.archive.ubuntu.com/ubuntu/dists/,40,7420,34.523234128952026,html.parser
mproc2,3.11.3,http://be.archive.ubuntu.com/ubuntu/dists/,56,7420,36.27749919891357,html.parser
mthreading,3.11.3,http://be.archive.ubuntu.com/ubuntu/dists/,6,7419,66.97727179527283,html.parser
mthreading,3.11.3,http://be.archive.ubuntu.com/ubuntu/dists/,12,7419,48.03121995925903,html.parser
mthreading,3.11.3,http://be.archive.ubuntu.com/ubuntu/dists/,24,7419,50.55167984962464,html.parser
mthreading,3.11.3,http://be.archive.ubuntu.com/ubuntu/dists/,40,7419,51.30595517158508,html.parser
mthreading,3.11.3,http://be.archive.ubuntu.com/ubuntu/dists/,56,7419,50.0297372341156,html.parser
async,3.11.3,http://be.archive.ubuntu.com/ubuntu/dists/,6,7420,59.01338601112366,html.parser
async,3.11.3,http://be.archive.ubuntu.com/ubuntu/dists/,12,7420,45.5853271484375,html.parser
async,3.11.3,http://be.archive.ubuntu.com/ubuntu/dists/,24,7420,44.102823972702026,html.parser
async,3.11.3,http://be.archive.ubuntu.com/ubuntu/dists/,40,7420,47.4046196937561,html.parser
async,3.11.3,http://be.archive.ubuntu.com/ubuntu/dists/,56,7420,48.93304920196533,html.parser
sequential,3.11.3,http://be.archive.ubuntu.com/ubuntu/dists/,6,7419,255.4718451499939,html.parser
sequential,3.11.3,http://be.archive.ubuntu.com/ubuntu/dists/,12,7419,253.5778670310974,html.parser
sequential,3.11.3,http://be.archive.ubuntu.com/ubuntu/dists/,24,7419,250.45318794250488,html.parser
sequential,3.11.3,http://be.archive.ubuntu.com/ubuntu/dists/,40,7419,247.5155611038208,html.parser
sequential,3.11.3,http://be.archive.ubuntu.com/ubuntu/dists/,56,7419,248.80973601341248,html.parser
mproc2,3.11.3,http://be.archive.ubuntu.com/ubuntu/dists/,3,7420,91.88646483421326,html.parser
mproc2,3.11.3,http://be.archive.ubuntu.com/ubuntu/dists/,5,7420,54.209352016448975,html.parser
mproc2,3.11.3,http://be.archive.ubuntu.com/ubuntu/dists/,7,7420,40.21786689758301,html.parser
mproc2,3.11.3,http://be.archive.ubuntu.com/ubuntu/dists/,9,7420,31.480073928833008,html.parser
mproc2,3.11.3,http://be.archive.ubuntu.com/ubuntu/dists/,10,7420,28.5046660900116,html.parser
mproc2,3.11.3,http://be.archive.ubuntu.com/ubuntu/dists/,12,7420,24.10028386116028,html.parser
mproc2,3.11.3,http://be.archive.ubuntu.com/ubuntu/dists/,13,7420,29.74661087989807,html.parser
mthreading,3.11.3,http://be.archive.ubuntu.com/ubuntu/dists/,3,7419,105.76154708862305,html.parser
mthreading,3.11.3,http://be.archive.ubuntu.com/ubuntu/dists/,5,7419,74.47745609283447,html.parser
mthreading,3.11.3,http://be.archive.ubuntu.com/ubuntu/dists/,7,7419,60.07734394073486,html.parser
mthreading,3.11.3,http://be.archive.ubuntu.com/ubuntu/dists/,9,7419,52.22127509117127,html.parser
mthreading,3.11.3,http://be.archive.ubuntu.com/ubuntu/dists/,10,7419,49.10861396789551,html.parser
mthreading,3.11.3,http://be.archive.ubuntu.com/ubuntu/dists/,12,7419,46.34633612632752,html.parser
mthreading,3.11.3,http://be.archive.ubuntu.com/ubuntu/dists/,13,7419,49.571215867996216,html.parser
async,3.11.3,http://be.archive.ubuntu.com/ubuntu/dists/,3,7420,99.4322509765625,html.parser
async,3.11.3,http://be.archive.ubuntu.com/ubuntu/dists/,5,7420,66.77899169921875,html.parser
async,3.11.3,http://be.archive.ubuntu.com/ubuntu/dists/,7,7420,55.77767181396485,html.parser
async,3.11.3,http://be.archive.ubuntu.com/ubuntu/dists/,9,7420,50.39485168457031,html.parser
async,3.11.3,http://be.archive.ubuntu.com/ubuntu/dists/,10,7420,46.008702993392944,html.parser
async,3.11.3,http://be.archive.ubuntu.com/ubuntu/dists/,12,7420,45.05903196334839,html.parser
async,3.11.3,http://be.archive.ubuntu.com/ubuntu/dists/,13,7420,44.86343598365784,html.parser
sequential,3.11.3,http://be.archive.ubuntu.com/ubuntu/dists/,3,7419,270.3824369907379,html.parser
sequential,3.11.3,http://be.archive.ubuntu.com/ubuntu/dists/,5,7419,273.4450252056122,html.parser
sequential,3.11.3,http://be.archive.ubuntu.com/ubuntu/dists/,7,7419,271.8939561843872,html.parser
sequential,3.11.3,http://be.archive.ubuntu.com/ubuntu/dists/,9,7419,273.08417987823486,html.parser
sequential,3.11.3,http://be.archive.ubuntu.com/ubuntu/dists/,10,7419,273.1367509365082,html.parser
sequential,3.11.3,http://be.archive.ubuntu.com/ubuntu/dists/,12,7419,275.0240271091461,html.parser
sequential,3.11.3,http://be.archive.ubuntu.com/ubuntu/dists/,13,7419,269.22593426704407,html.parser
mproc2,3.11.3,http://be.archive.ubuntu.com/ubuntu/dists/,1,7420,264.1639049053192,html.parser
mthreading,3.11.3,http://be.archive.ubuntu.com/ubuntu/dists/,1,7419,257.47200298309326,html.parser
async,3.11.3,http://be.archive.ubuntu.com/ubuntu/dists/,1,7420,248.01982593536377,html.parser
sequential,3.11.3,http://be.archive.ubuntu.com/ubuntu/dists/,1,7419,255.7865350246429,html.parser
mproc2,3.11.3,http://be.archive.ubuntu.com/ubuntu/dists/,2,7420,132.7725749015808,html.parser
mthreading,3.11.3,http://be.archive.ubuntu.com/ubuntu/dists/,2,7419,147.049800157547,html.parser
async,3.11.3,http://be.archive.ubuntu.com/ubuntu/dists/,2,7420,143.72832679748535,html.parser
sequential,3.11.3,http://be.archive.ubuntu.com/ubuntu/dists/,2,7419,262.055361032486,html.parser
mproc2,3.11.3,http://be.archive.ubuntu.com/ubuntu/dists/,3,7420,93.21950173377992,html.parser
mthreading,3.11.3,http://be.archive.ubuntu.com/ubuntu/dists/,3,7419,106.15813398361206,html.parser
async,3.11.3,http://be.archive.ubuntu.com/ubuntu/dists/,3,7420,92.13257002830504,html.parser
sequential,3.11.3,http://be.archive.ubuntu.com/ubuntu/dists/,3,7419,255.67418026924133,html.parser
mproc2,3.11.3,http://be.archive.ubuntu.com/ubuntu/dists/,4,7420,66.17037892341614,html.parser
mthreading,3.11.3,http://be.archive.ubuntu.com/ubuntu/dists/,4,7419,86.45092296600342,html.parser
async,3.11.3,http://be.archive.ubuntu.com/ubuntu/dists/,4,7420,79.70369291305542,html.parser
sequential,3.11.3,http://be.archive.ubuntu.com/ubuntu/dists/,4,7419,260.63503098487854,html.parser
mproc2,3.11.3,http://be.archive.ubuntu.com/ubuntu/dists/,5,7420,52.87521028518677,html.parser
mthreading,3.11.3,http://be.archive.ubuntu.com/ubuntu/dists/,5,7419,71.28685688972473,html.parser
async,3.11.3,http://be.archive.ubuntu.com/ubuntu/dists/,5,7420,66.0256860256195,html.parser
sequential,3.11.3,http://be.archive.ubuntu.com/ubuntu/dists/,5,7419,263.6557071208954,html.parser
mproc2,3.11.3,http://be.archive.ubuntu.com/ubuntu/dists/,6,7420,44.94579577445984,html.parser
mthreading,3.11.3,http://be.archive.ubuntu.com/ubuntu/dists/,6,7419,65.75067710876465,html.parser
async,3.11.3,http://be.archive.ubuntu.com/ubuntu/dists/,6,7420,58.14891719818115,html.parser
sequential,3.11.3,http://be.archive.ubuntu.com/ubuntu/dists/,6,7419,254.0996780395508,html.parser
mproc2,3.11.3,http://be.archive.ubuntu.com/ubuntu/dists/,7,7420,39.00376605987549,html.parser
mthreading,3.11.3,http://be.archive.ubuntu.com/ubuntu/dists/,7,7419,59.96562099456787,html.parser
async,3.11.3,http://be.archive.ubuntu.com/ubuntu/dists/,7,7420,53.07587003707886,html.parser
sequential,3.11.3,http://be.archive.ubuntu.com/ubuntu/dists/,7,7419,251.59688591957087,html.parser
mproc2,3.11.3,http://be.archive.ubuntu.com/ubuntu/dists/,8,7420,34.43837809562683,html.parser
mthreading,3.11.3,http://be.archive.ubuntu.com/ubuntu/dists/,8,7419,57.08800911903381,html.parser
async,3.11.3,http://be.archive.ubuntu.com/ubuntu/dists/,8,7420,50.154547929763794,html.parser
sequential,3.11.3,http://be.archive.ubuntu.com/ubuntu/dists/,8,7419,264.0581657886505,html.parser
mproc2,3.11.3,http://be.archive.ubuntu.com/ubuntu/dists/,9,7420,31.924793243408203,html.parser
mthreading,3.11.3,http://be.archive.ubuntu.com/ubuntu/dists/,9,7419,55.93763303756714,html.parser
async,3.11.3,http://be.archive.ubuntu.com/ubuntu/dists/,9,7420,50.20288109779358,html.parser
sequential,3.11.3,http://be.archive.ubuntu.com/ubuntu/dists/,9,7419,258.0870258808136,html.parser
mproc2,3.11.3,http://be.archive.ubuntu.com/ubuntu/dists/,10,7420,29.435004949569706,html.parser
mthreading,3.11.3,http://be.archive.ubuntu.com/ubuntu/dists/,10,7419,54.08224892616272,html.parser
async,3.11.3,http://be.archive.ubuntu.com/ubuntu/dists/,10,7420,49.40415596961975,html.parser
sequential,3.11.3,http://be.archive.ubuntu.com/ubuntu/dists/,10,7419,257.35307097435,html.parser
mproc2,3.11.3,http://be.archive.ubuntu.com/ubuntu/dists/,11,7420,26.57011914253235,html.parser
mthreading,3.11.3,http://be.archive.ubuntu.com/ubuntu/dists/,11,7419,51.95083999633789,html.parser
async,3.11.3,http://be.archive.ubuntu.com/ubuntu/dists/,11,7420,48.315709352493286,html.parser
sequential,3.11.3,http://be.archive.ubuntu.com/ubuntu/dists/,11,7419,257.7951469421387,html.parser
mproc2,3.11.3,http://be.archive.ubuntu.com/ubuntu/dists/,12,7420,24.042999982833862,html.parser
mthreading,3.11.3,http://be.archive.ubuntu.com/ubuntu/dists/,12,7419,50.69614291191101,html.parser
async,3.11.3,http://be.archive.ubuntu.com/ubuntu/dists/,12,7420,51.04877805709839,html.parser
sequential,3.11.3,http://be.archive.ubuntu.com/ubuntu/dists/,12,7419,256.28950095176697,html.parser
mproc2,3.11.3,http://be.archive.ubuntu.com/ubuntu/dists/,13,7420,28.541692972183228,html.parser
mthreading,3.11.3,http://be.archive.ubuntu.com/ubuntu/dists/,13,7419,47.78946900367737,html.parser
async,3.11.3,http://be.archive.ubuntu.com/ubuntu/dists/,13,7420,48.592103004455566,html.parser
sequential,3.11.3,http://be.archive.ubuntu.com/ubuntu/dists/,13,7419,256.3627700805664,html.parser
mproc2,3.11.3,http://be.archive.ubuntu.com/ubuntu/dists/,14,7420,22.97946214675904,html.parser
mthreading,3.11.3,http://be.archive.ubuntu.com/ubuntu/dists/,14,7419,47.31613302230835,html.parser
async,3.11.3,http://be.archive.ubuntu.com/ubuntu/dists/,14,7420,47.38046908378601,html.parser
sequential,3.11.3,http://be.archive.ubuntu.com/ubuntu/dists/,14,7419,255.3986477851868,html.parser
mproc2,3.11.3,http://be.archive.ubuntu.com/ubuntu/dists/,16,7420,27.87205719947815,html.parser
mthreading,3.11.3,http://be.archive.ubuntu.com/ubuntu/dists/,16,7419,45.7620689868927,html.parser
async,3.11.3,http://be.archive.ubuntu.com/ubuntu/dists/,16,7420,48.10412383079529,html.parser
sequential,3.11.3,http://be.archive.ubuntu.com/ubuntu/dists/,16,7419,257.25413393974304,html.parser
mproc2,3.11.3,http://be.archive.ubuntu.com/ubuntu/dists/,20,7420,32.26326394081116,html.parser
mthreading,3.11.3,http://be.archive.ubuntu.com/ubuntu/dists/,20,7419,45.33530068397522,html.parser
async,3.11.3,http://be.archive.ubuntu.com/ubuntu/dists/,20,7420,43.55449175834656,html.parser
sequential,3.11.3,http://be.archive.ubuntu.com/ubuntu/dists/,20,7419,267.91533493995667,html.parser
mproc2,3.11.3,http://be.archive.ubuntu.com/ubuntu/dists/,24,7420,26.81126499176025,html.parser
mthreading,3.11.3,http://be.archive.ubuntu.com/ubuntu/dists/,24,7419,47.38259696960449,html.parser
async,3.11.3,http://be.archive.ubuntu.com/ubuntu/dists/,24,7420,44.43928122520447,html.parser
sequential,3.11.3,http://be.archive.ubuntu.com/ubuntu/dists/,24,7419,251.0287969112396,html.parser
mproc2,3.11.3,http://be.archive.ubuntu.com/ubuntu/dists/,28,7420,30.760020971298218,html.parser
mthreading,3.11.3,http://be.archive.ubuntu.com/ubuntu/dists/,28,7419,50.53007698059082,html.parser
async,3.11.3,http://be.archive.ubuntu.com/ubuntu/dists/,28,7420,45.517250776290894,html.parser
sequential,3.11.3,http://be.archive.ubuntu.com/ubuntu/dists/,28,7419,252.27183079719543,html.parser
mproc2,3.11.3,http://be.archive.ubuntu.com/ubuntu/dists/,32,7420,31.5718457698822,html.parser
mthreading,3.11.3,http://be.archive.ubuntu.com/ubuntu/dists/,32,7419,47.14699697494507,html.parser
async,3.11.3,http://be.archive.ubuntu.com/ubuntu/dists/,32,7420,43.81258702278137,html.parser
sequential,3.11.3,http://be.archive.ubuntu.com/ubuntu/dists/,32,7419,253.0062599182129,html.parser
mproc2,3.11.3,http://be.archive.ubuntu.com/ubuntu/dists/,36,7420,32.05947589874268,html.parser
mthreading,3.11.3,http://be.archive.ubuntu.com/ubuntu/dists/,36,7419,49.67162370681763,html.parser
async,3.11.3,http://be.archive.ubuntu.com/ubuntu/dists/,36,7420,44.28551816940308,html.parser
sequential,3.11.3,http://be.archive.ubuntu.com/ubuntu/dists/,36,7419,255.5098829269409,html.parser
mproc2,3.11.3,http://be.archive.ubuntu.com/ubuntu/dists/,40,7420,31.75806212425232,html.parser
mthreading,3.11.3,http://be.archive.ubuntu.com/ubuntu/dists/,40,7419,52.17633724212647,html.parser
async,3.11.3,http://be.archive.ubuntu.com/ubuntu/dists/,40,7420,45.66095805168152,html.parser
sequential,3.11.3,http://be.archive.ubuntu.com/ubuntu/dists/,40,7419,249.04275608062744,html.parser
mproc2,3.11.3,http://be.archive.ubuntu.com/ubuntu/dists/,44,7420,34.82093787193298,html.parser
mthreading,3.11.3,http://be.archive.ubuntu.com/ubuntu/dists/,44,7419,50.49204611778259,html.parser
async,3.11.3,http://be.archive.ubuntu.com/ubuntu/dists/,44,7420,44.96309614181519,html.parser
sequential,3.11.3,http://be.archive.ubuntu.com/ubuntu/dists/,44,7419,256.3576121330261,html.parser
mproc2,3.11.3,http://be.archive.ubuntu.com/ubuntu/dists/,48,7420,33.181018114089966,html.parser
mthreading,3.11.3,http://be.archive.ubuntu.com/ubuntu/dists/,48,7419,51.79857921600342,html.parser
async,3.11.3,http://be.archive.ubuntu.com/ubuntu/dists/,48,7420,46.63999366760254,html.parser
sequential,3.11.3,http://be.archive.ubuntu.com/ubuntu/dists/,48,7419,255.1972379684448,html.parser
mproc2,3.11.3,http://be.archive.ubuntu.com/ubuntu/dists/,64,7420,36.64793229103088,html.parser
mthreading,3.11.3,http://be.archive.ubuntu.com/ubuntu/dists/,64,7419,50.78615093231201,html.parser
async,3.11.3,http://be.archive.ubuntu.com/ubuntu/dists/,64,7420,45.08247494697571,html.parser
sequential,3.11.3,http://be.archive.ubuntu.com/ubuntu/dists/,64,7419,249.64807510375977,html.parser
mproc2,3.11.3,http://be.archive.ubuntu.com/ubuntu/,1,56465,1914.7680320739744,lxml
mproc2,3.11.3,http://be.archive.ubuntu.com/ubuntu/,64,56465,186.67381191253665,lxml
mthreading,3.11.3,http://be.archive.ubuntu.com/ubuntu/,64,56465,475.7239508628845,lxml
async,3.11.3,http://be.archive.ubuntu.com/ubuntu/,64,56465,330.8700621128082,lxml
mproc2,3.11.3,http://be.archive.ubuntu.com/ubuntu/,64,56465,187.2507200241089,lxml
mthreading,3.11.3,http://be.archive.ubuntu.com/ubuntu/,48,56465,493.5015549659729,lxml
async,3.11.3,http://be.archive.ubuntu.com/ubuntu/,48,56465,322.34039402008057,lxml
mproc2,3.11.3,http://be.archive.ubuntu.com/ubuntu/,48,56465,181.86340022087097,lxml
mthreading,3.11.3,http://be.archive.ubuntu.com/ubuntu/,44,56465,470.7019991874695,lxml
async,3.11.3,http://be.archive.ubuntu.com/ubuntu/,44,56465,328.94770979881287,lxml
mproc2,3.11.3,http://be.archive.ubuntu.com/ubuntu/,44,56465,181.4882290363312,lxml
mthreading,3.11.3,http://be.archive.ubuntu.com/ubuntu/,40,56465,501.1168110370636,lxml
async,3.11.3,http://be.archive.ubuntu.com/ubuntu/,40,56465,420.3467319011688,lxml
mproc2,3.11.3,http://be.archive.ubuntu.com/ubuntu/,40,56465,183.8535008430481,lxml
mthreading,3.11.3,http://be.archive.ubuntu.com/ubuntu/,36,56465,472.67264103889465,lxml
async,3.11.3,http://be.archive.ubuntu.com/ubuntu/,36,56465,319.6319818496704,lxml
mproc2,3.11.3,http://be.archive.ubuntu.com/ubuntu/,36,56465,183.09374690055847,lxml
mthreading,3.11.3,http://be.archive.ubuntu.com/ubuntu/,32,56465,468.0017099380493,lxml
async,3.11.3,http://be.archive.ubuntu.com/ubuntu/,32,56465,317.9649329185486,lxml
mproc2,3.11.3,http://be.archive.ubuntu.com/ubuntu/,32,56465,180.82160091400144,lxml
mthreading,3.11.3,http://be.archive.ubuntu.com/ubuntu/,28,56465,442.5609149932861,lxml
async,3.11.3,http://be.archive.ubuntu.com/ubuntu/,28,56465,318.00678300857544,lxml
mproc2,3.11.3,http://be.archive.ubuntu.com/ubuntu/,28,56465,179.35133385658264,lxml
mthreading,3.11.3,http://be.archive.ubuntu.com/ubuntu/,24,56465,444.5510590076447,lxml
async,3.11.3,http://be.archive.ubuntu.com/ubuntu/,24,56465,326.80160307884216,lxml
mproc2,3.11.3,http://be.archive.ubuntu.com/ubuntu/,24,56465,177.03944492340088,lxml
mthreading,3.11.3,http://be.archive.ubuntu.com/ubuntu/,20,56465,441.4347548484802,lxml
async,3.11.3,http://be.archive.ubuntu.com/ubuntu/,20,56465,322.5602581501007,lxml
mproc2,3.11.3,http://be.archive.ubuntu.com/ubuntu/,20,56465,180.0821750164032,lxml
mthreading,3.11.3,http://be.archive.ubuntu.com/ubuntu/,16,56465,437.2717111110687,lxml
async,3.11.3,http://be.archive.ubuntu.com/ubuntu/,16,56465,314.619882106781,lxml
mproc2,3.11.3,http://be.archive.ubuntu.com/ubuntu/,16,56465,180.83846926689148,lxml
mthreading,3.11.3,http://be.archive.ubuntu.com/ubuntu/,14,56465,453.60463213920593,lxml
async,3.11.3,http://be.archive.ubuntu.com/ubuntu/,14,56465,391.7584929466248,lxml
mproc2,3.11.3,http://be.archive.ubuntu.com/ubuntu/,14,56465,229.0758240222931,lxml
mthreading,3.11.3,http://be.archive.ubuntu.com/ubuntu/,13,56465,406.2708129882813,lxml
async,3.11.3,http://be.archive.ubuntu.com/ubuntu/,13,56465,322.8518579006195,lxml
mproc2,3.11.3,http://be.archive.ubuntu.com/ubuntu/,13,56465,177.29977202415466,lxml
mthreading,3.11.3,http://be.archive.ubuntu.com/ubuntu/,12,56465,423.3531279563904,lxml
async,3.11.3,http://be.archive.ubuntu.com/ubuntu/,12,56465,352.1888949871063,lxml
mproc2,3.11.3,http://be.archive.ubuntu.com/ubuntu/,12,56465,188.5575578212738,lxml
mthreading,3.11.3,http://be.archive.ubuntu.com/ubuntu/,11,56465,413.7758836746216,lxml
async,3.11.3,http://be.archive.ubuntu.com/ubuntu/,11,56465,350.2776818275452,lxml
mproc2,3.11.3,http://be.archive.ubuntu.com/ubuntu/,11,56465,186.331799030304,lxml
mthreading,3.11.3,http://be.archive.ubuntu.com/ubuntu/,10,56465,415.164813041687,lxml
async,3.11.3,http://be.archive.ubuntu.com/ubuntu/,10,56465,350.42588210105896,lxml
mproc2,3.11.3,http://be.archive.ubuntu.com/ubuntu/,10,56465,205.13337802886963,lxml
mthreading,3.11.3,http://be.archive.ubuntu.com/ubuntu/,9,56465,496.4356000423432,lxml
async,3.11.3,http://be.archive.ubuntu.com/ubuntu/,9,56465,450.5844662189484,lxml
mproc2,3.11.3,http://be.archive.ubuntu.com/ubuntu/,9,56465,229.8911707401276,lxml
mthreading,3.11.3,http://be.archive.ubuntu.com/ubuntu/,8,56465,398.1293420791626,lxml
async,3.11.3,http://be.archive.ubuntu.com/ubuntu/,8,56465,386.9246928691864,lxml
mproc2,3.11.3,http://be.archive.ubuntu.com/ubuntu/,8,56465,260.07057309150696,lxml
mthreading,3.11.3,http://be.archive.ubuntu.com/ubuntu/,7,56465,438.3187611103058,lxml
async,3.11.3,http://be.archive.ubuntu.com/ubuntu/,7,56465,439.418182849884,lxml
mproc2,3.11.3,http://be.archive.ubuntu.com/ubuntu/,7,56465,306.5742871761322,lxml
mthreading,3.11.3,http://be.archive.ubuntu.com/ubuntu/,6,56465,468.9189300537109,lxml
async,3.11.3,http://be.archive.ubuntu.com/ubuntu/,6,56465,446.7359521389008,lxml
mproc2,3.11.3,http://be.archive.ubuntu.com/ubuntu/,6,56465,344.3372220993042,lxml
mthreading,3.11.3,http://be.archive.ubuntu.com/ubuntu/,5,56465,547.4738750457764,lxml
async,3.11.3,http://be.archive.ubuntu.com/ubuntu/,5,56465,539.7299077510834,lxml
mproc2,3.11.3,http://be.archive.ubuntu.com/ubuntu/,5,56465,421.268394947052,lxml
mthreading,3.11.3,http://be.archive.ubuntu.com/ubuntu/,4,56465,603.6287617683411,lxml
async,3.11.3,http://be.archive.ubuntu.com/ubuntu/,4,56465,614.5780601501465,lxml
mproc2,3.11.3,http://be.archive.ubuntu.com/ubuntu/,4,56465,801.6957621574402,lxml
mthreading,3.11.3,http://be.archive.ubuntu.com/ubuntu/,3,56467,764.580944776535,lxml
async,3.11.3,http://be.archive.ubuntu.com/ubuntu/,3,56471,762.6431002616882,lxml
mproc2,3.11.3,http://be.archive.ubuntu.com/ubuntu/,3,56471,711.8226780891418,lxml
mthreading,3.11.3,http://be.archive.ubuntu.com/ubuntu/,2,56471,1076.485202074051,lxml
async,3.11.3,http://be.archive.ubuntu.com/ubuntu/,2,56471,1298.2833240032196,lxml
mproc2,3.11.3,http://be.archive.ubuntu.com/ubuntu/,2,56471,1077.7583100795746,lxml
mthreading,3.11.3,http://be.archive.ubuntu.com/ubuntu/,1,56471,2374.871440887451,lxml
async,3.11.3,http://be.archive.ubuntu.com/ubuntu/,1,56471,2185.8498611450195,lxml
mproc2,3.11.3,http://be.archive.ubuntu.com/ubuntu/,1,56471,2021.6550369262693,lxml
async,3.11.3,http://prutser.woefdram.nl/~erik/ubuntu/,20,7421,16.97839093208313,lxml
async,3.11.3,http://prutser.woefdram.nl/~erik/ubuntu/,24,56471,134.33377194404602,lxml
mproc2,3.11.3,http://prutser.woefdram.nl/~erik/ubuntu/,24,56471,54.4116427898407,lxml
mproc2,3.11.3,http://prutser.woefdram.nl/~erik/ubuntu/,32,56471,46.07423210144043,lxml
mproc2,3.11.3,http://prutser.woefdram.nl/~erik/ubuntu/,28,56471,48.93600296974182,lxml
mproc2,3.11.3,http://prutser.woefdram.nl/~erik/ubuntu/,36,56471,44.47267413139343,lxml
mproc2,3.11.3,http://prutser.woefdram.nl/~erik/ubuntu/,40,56471,43.963788986206055,lxml
mproc2,3.11.3,http://prutser.woefdram.nl/~erik/ubuntu/,44,56471,44.69010901451111,lxml
mproc2,3.11.3,http://prutser.woefdram.nl/~erik/ubuntu/,48,56471,45.50508904457092,lxml
mproc2,3.11.3,http://prutser.woefdram.nl/~erik/ubuntu/,56,56471,44.380942821502686,lxml
mproc2,3.11.3,http://prutser.woefdram.nl/~erik/ubuntu/,64,56471,43.86720991134644,lxml
mproc2,3.11.3,http://prutser.woefdram.nl/~erik/ubuntu/,20,56471,64.81919169425964,lxml
mproc2,3.11.3,http://prutser.woefdram.nl/~erik/ubuntu/,16,56471,80.07588505744934,lxml
mproc2,3.11.3,http://prutser.woefdram.nl/~erik/ubuntu/,14,56471,90.1904230117798,lxml
mproc2,3.11.3,http://prutser.woefdram.nl/~erik/ubuntu/,13,56471,97.0240762233734,lxml
mproc2,3.11.3,http://prutser.woefdram.nl/~erik/ubuntu/,12,56471,105.0778419971466,lxml
mproc2,3.11.3,http://prutser.woefdram.nl/~erik/ubuntu/,11,56471,114.64706707000732,lxml
mproc2,3.11.3,http://prutser.woefdram.nl/~erik/ubuntu/,10,56471,124.74925518035889,lxml
mproc2,3.11.3,http://prutser.woefdram.nl/~erik/ubuntu/,9,56471,145.93492889404297,lxml
mproc2,3.11.3,http://prutser.woefdram.nl/~erik/ubuntu/,8,56471,157.9317660331726,lxml
mproc2,3.11.3,http://prutser.woefdram.nl/~erik/ubuntu/,7,56471,178.38169693946838,lxml
mproc2,3.11.3,http://prutser.woefdram.nl/~erik/ubuntu/,6,56471,203.0103979110717,lxml
mproc2,3.11.3,http://prutser.woefdram.nl/~erik/ubuntu/,5,56471,244.0691809654236,lxml
mproc2,3.11.3,http://prutser.woefdram.nl/~erik/ubuntu/,4,56471,306.58156991004944,lxml
mproc2,3.11.3,http://prutser.woefdram.nl/~erik/ubuntu/,3,56471,403.3038289546967,lxml
mproc2,3.11.3,http://prutser.woefdram.nl/~erik/ubuntu/,2,56471,593.6619770526886,lxml
mproc2,3.11.3,http://prutser.woefdram.nl/~erik/ubuntu/,1,56471,1139.711226940155,lxml
mproc2,3.11.3,http://prutser.woefdram.nl/~erik/ubuntu/,48,56471,47.52379012107849,lxml
mproc2,3.11.3,http://prutser.woefdram.nl/~erik/ubuntu/,48,56471,45.73274493217468,lxml
async,3.11.3,http://prutser.woefdram.nl/~erik/ubuntu/,64,56471,155.1984901428223,lxml
mthreading,3.11.3,http://prutser.woefdram.nl/~erik/ubuntu/,64,56471,103.19282674789427,lxml
async,3.11.3,http://prutser.woefdram.nl/~erik/ubuntu/,56,56471,141.26300287246704,lxml
mthreading,3.11.3,http://prutser.woefdram.nl/~erik/ubuntu/,56,56471,106.5625479221344,lxml
async,3.11.3,http://prutser.woefdram.nl/~erik/ubuntu/,48,56471,141.08029079437256,lxml
mthreading,3.11.3,http://prutser.woefdram.nl/~erik/ubuntu/,48,56471,105.39961814880373,lxml
mproc3,3.11.3,http://prutser.woefdram.nl/~erik/ubuntu/dists/,16,7426,11.142472982406616,lxml
mproc3,3.11.3,http://prutser.woefdram.nl/~erik/ubuntu/,36,56471,42.55960822105408,lxml
async,3.11.3,http://prutser.woefdram.nl/~erik/ubuntu/,44,56471,144.37450098991394,lxml
mthreading,3.11.3,http://prutser.woefdram.nl/~erik/ubuntu/,44,56471,106.65967202186584,lxml
sequential,3.11.3,http://prutser.woefdram.nl/~erik/ubuntu/,44,56471,1130.5082139968872,lxml
async,3.11.3,http://prutser.woefdram.nl/~erik/ubuntu/,40,56471,149.59393215179443,lxml
mthreading,3.11.3,http://prutser.woefdram.nl/~erik/ubuntu/,40,56471,112.42128205299376,lxml
sequential,3.11.3,http://prutser.woefdram.nl/~erik/ubuntu/,40,56471,1143.1951410770416,lxml
async,3.11.3,http://prutser.woefdram.nl/~erik/ubuntu/,36,56471,137.22320985794067,lxml
mthreading,3.11.3,http://prutser.woefdram.nl/~erik/ubuntu/,36,56471,109.41579699516296,lxml
sequential,3.11.3,http://prutser.woefdram.nl/~erik/ubuntu/,36,56471,1143.9413549900055,lxml
async,3.11.3,http://prutser.woefdram.nl/~erik/ubuntu/,32,56471,134.5658209323883,lxml
mthreading,3.11.3,http://prutser.woefdram.nl/~erik/ubuntu/,32,56471,105.49730491638184,lxml
sequential,3.11.3,http://prutser.woefdram.nl/~erik/ubuntu/,32,56471,1136.2143239974976,lxml
async,3.11.3,http://prutser.woefdram.nl/~erik/ubuntu/,28,56471,132.19045996665955,lxml
mthreading,3.11.3,http://prutser.woefdram.nl/~erik/ubuntu/,28,56471,102.51205086708067,lxml
sequential,3.11.3,http://prutser.woefdram.nl/~erik/ubuntu/,28,56471,1136.6188929080963,lxml
async,3.11.3,http://prutser.woefdram.nl/~erik/ubuntu/,24,56471,131.76581621170044,lxml
mthreading,3.11.3,http://prutser.woefdram.nl/~erik/ubuntu/,24,56471,98.01637196540833,lxml
sequential,3.11.3,http://prutser.woefdram.nl/~erik/ubuntu/,24,56471,1140.156065940857,lxml
async,3.11.3,http://prutser.woefdram.nl/~erik/ubuntu/,20,56471,124.9009051322937,lxml
mthreading,3.11.3,http://prutser.woefdram.nl/~erik/ubuntu/,20,56471,95.9540469646454,lxml
sequential,3.11.3,http://prutser.woefdram.nl/~erik/ubuntu/,20,56471,1128.7474048137665,lxml
async,3.11.3,http://prutser.woefdram.nl/~erik/ubuntu/,16,56471,118.15882182121275,lxml
mthreading,3.11.3,http://prutser.woefdram.nl/~erik/ubuntu/,16,56471,99.74264216423036,lxml
sequential,3.11.3,http://prutser.woefdram.nl/~erik/ubuntu/,16,56471,1125.6266798973083,lxml
async,3.11.3,http://prutser.woefdram.nl/~erik/ubuntu/,14,56471,122.10760188102722,lxml
mthreading,3.11.3,http://prutser.woefdram.nl/~erik/ubuntu/,14,56471,109.99797892570496,lxml
sequential,3.11.3,http://prutser.woefdram.nl/~erik/ubuntu/,14,56471,1130.5293309688568,lxml
async,3.11.3,http://prutser.woefdram.nl/~erik/ubuntu/,13,56471,126.5853431224823,lxml
mthreading,3.11.3,http://prutser.woefdram.nl/~erik/ubuntu/,13,56471,118.55453896522522,lxml
sequential,3.11.3,http://prutser.woefdram.nl/~erik/ubuntu/,13,56471,1132.673218011856,lxml
async,3.11.3,http://prutser.woefdram.nl/~erik/ubuntu/,12,56471,132.64452195167542,lxml
mthreading,3.11.3,http://prutser.woefdram.nl/~erik/ubuntu/,12,56471,130.06688117980957,lxml
sequential,3.11.3,http://prutser.woefdram.nl/~erik/ubuntu/,12,56471,1134.7983009815216,lxml
async,3.11.3,http://prutser.woefdram.nl/~erik/ubuntu/,11,56471,148.74527215957642,lxml
mthreading,3.11.3,http://prutser.woefdram.nl/~erik/ubuntu/,11,56471,143.053307056427,lxml
sequential,3.11.3,http://prutser.woefdram.nl/~erik/ubuntu/,11,56471,1137.390461921692,lxml
async,3.11.3,http://prutser.woefdram.nl/~erik/ubuntu/,10,56471,154.48840999603271,lxml
mthreading,3.11.3,http://prutser.woefdram.nl/~erik/ubuntu/,10,56471,152.74655389785767,lxml
sequential,3.11.3,http://prutser.woefdram.nl/~erik/ubuntu/,10,56471,1129.9273879528046,lxml
async,3.11.3,http://prutser.woefdram.nl/~erik/ubuntu/,9,56471,166.20413208007812,lxml
mthreading,3.11.3,http://prutser.woefdram.nl/~erik/ubuntu/,9,56471,167.55574917793274,lxml
sequential,3.11.3,http://prutser.woefdram.nl/~erik/ubuntu/,9,56471,1127.1167471408844,lxml
async,3.11.3,http://prutser.woefdram.nl/~erik/ubuntu/,8,56471,182.39340996742249,lxml
mthreading,3.11.3,http://prutser.woefdram.nl/~erik/ubuntu/,8,56471,184.2710702419281,lxml
sequential,3.11.3,http://prutser.woefdram.nl/~erik/ubuntu/,8,56471,1131.4900550842283,lxml
async,3.11.3,http://prutser.woefdram.nl/~erik/ubuntu/,7,56471,201.54205584526065,lxml
mthreading,3.11.3,http://prutser.woefdram.nl/~erik/ubuntu/,7,56471,206.58736300468445,lxml
sequential,3.11.3,http://prutser.woefdram.nl/~erik/ubuntu/,7,56471,1128.0301849842072,lxml
async,3.11.3,http://prutser.woefdram.nl/~erik/ubuntu/,6,56471,228.8781220912933,lxml
mthreading,3.11.3,http://prutser.woefdram.nl/~erik/ubuntu/,6,56471,234.15996193885803,lxml
sequential,3.11.3,http://prutser.woefdram.nl/~erik/ubuntu/,6,56471,1135.5765278339386,lxml
async,3.11.3,http://prutser.woefdram.nl/~erik/ubuntu/,5,56471,267.3663818836212,lxml
mthreading,3.11.3,http://prutser.woefdram.nl/~erik/ubuntu/,5,56471,275.73619294166565,lxml
sequential,3.11.3,http://prutser.woefdram.nl/~erik/ubuntu/,5,56471,1138.198263168335,lxml
async,3.11.3,http://prutser.woefdram.nl/~erik/ubuntu/,4,56471,325.91459131240845,lxml
mthreading,3.11.3,http://prutser.woefdram.nl/~erik/ubuntu/,4,56471,340.4460618495941,lxml
sequential,3.11.3,http://prutser.woefdram.nl/~erik/ubuntu/,4,56471,1142.298480272293,lxml
async,3.11.3,http://prutser.woefdram.nl/~erik/ubuntu/,3,56471,425.07440423965454,lxml
mthreading,3.11.3,http://prutser.woefdram.nl/~erik/ubuntu/,3,56471,447.69303798675537,lxml
sequential,3.11.3,http://prutser.woefdram.nl/~erik/ubuntu/,3,56471,1142.523422241211,lxml
async,3.11.3,http://prutser.woefdram.nl/~erik/ubuntu/,2,56471,599.9257171154022,lxml
mthreading,3.11.3,http://prutser.woefdram.nl/~erik/ubuntu/,2,56471,615.0821566581726,lxml
sequential,3.11.3,http://prutser.woefdram.nl/~erik/ubuntu/,2,56471,1142.6115629673004,lxml
async,3.11.3,http://prutser.woefdram.nl/~erik/ubuntu/,1,56471,1146.3997809886932,lxml
mthreading,3.11.3,http://prutser.woefdram.nl/~erik/ubuntu/,1,56471,1160.7410979270935,lxml
sequential,3.11.3,http://prutser.woefdram.nl/~erik/ubuntu/,1,56471,1160.5317811965942,lxml
mprocasync,3.11.3,http://prutser.woefdram.nl/~erik/ubuntu/,16,56471,20.539379835128784,lxml
mprocasync,3.11.3,http://prutser.woefdram.nl/~erik/ubuntu/,14,56471,22.051017999649048,lxml
mprocasync,3.11.3,http://prutser.woefdram.nl/~erik/ubuntu/,13,56471,22.29941129684448,lxml
mprocasync,3.11.3,http://prutser.woefdram.nl/~erik/ubuntu/,12,56471,27.21315598487854,lxml
mprocasync,3.11.3,http://prutser.woefdram.nl/~erik/ubuntu/,11,56471,23.95086908340454,lxml
mprocasync,3.11.3,http://prutser.woefdram.nl/~erik/ubuntu/,10,56471,22.137700080871586,lxml
mprocasync,3.11.3,http://prutser.woefdram.nl/~erik/ubuntu/,9,56471,29.392854928970337,lxml
mprocasync,3.11.3,http://prutser.woefdram.nl/~erik/ubuntu/,8,56471,25.653201818466187,lxml
mprocasync,3.11.3,http://prutser.woefdram.nl/~erik/ubuntu/,7,56471,27.400618076324463,lxml
mprocasync,3.11.3,http://prutser.woefdram.nl/~erik/ubuntu/,6,56471,27.9944748878479,lxml
mprocasync,3.11.3,http://prutser.woefdram.nl/~erik/ubuntu/,5,56471,31.566282033920288,lxml
mprocasync,3.11.3,http://prutser.woefdram.nl/~erik/ubuntu/,4,56471,40.91752099990845,lxml
mprocasync,3.11.3,http://prutser.woefdram.nl/~erik/ubuntu/,3,56471,53.71466183662415,lxml
mprocasync,3.11.3,http://prutser.woefdram.nl/~erik/ubuntu/,2,56471,73.25882005691528,lxml
mprocasync,3.11.3,http://prutser.woefdram.nl/~erik/ubuntu/,1,56471,144.37132906913757,lxml
mprocasync,3.11.3,http://prutser.woefdram.nl/~erik/ubuntu/,9,56471,27.05877590179444,lxml
mprocasync,3.11.3,http://prutser.woefdram.nl/~erik/ubuntu/,12,56471,26.26191687583924,lxml
mprocasync,3.11.3,http://prutser.woefdram.nl/~erik/ubuntu/,18,56471,22.6650550365448,lxml
mprocasync,3.11.3,http://prutser.woefdram.nl/~erik/ubuntu/,20,56471,21.698897123336792,lxml
mprocasync,3.11.3,http://prutser.woefdram.nl/~erik/ubuntu/,24,56471,31.34015393257141,lxml
mprocasync,3.11.3,http://prutser.woefdram.nl/~erik/ubuntu/,28,56471,28.13956880569458,lxml
mprocasync,3.11.3,http://prutser.woefdram.nl/~erik/ubuntu/,32,56471,28.87769103050232,lxml
mprocasync,3.11.3,http://prutser.woefdram.nl/~erik/ubuntu/,32,56471,21.964545011520386,lxml
mprocasync,3.11.3,http://prutser.woefdram.nl/~erik/ubuntu/,16,56471,23.49040675163269,lxml
mprocasync,3.11.3,http://prutser.woefdram.nl/~erik/ubuntu/,18,56471,21.52581214904785,lxml
mprocasync,3.11.3,http://prutser.woefdram.nl/~erik/ubuntu/,24,56471,21.68029022216797,lxml
mprocasync,3.11.3,http://prutser.woefdram.nl/~erik/ubuntu/,28,56471,20.75305414199829,lxml
mprocasync,3.11.3,http://prutser.woefdram.nl/~erik/ubuntu/,32,56471,23.9407057762146,lxml
